String ID,en-us,en-us-sms,en-us-voice,ko-kr,ko-kr-sms,ko-kr-voice,vi-vn,vi-vn-sms,vi-vn-voice,zh-cn,zh-cn-sms,zh-cn-voice,es-us,es-us-sms,es-us-voice,de-de,de-de-sms,de-de-voice,es-es,es-es-sms,es-es-voice,fi-fi,fi-fi-sms,fi-fi-voice,fr-fr,fr-fr-sms,fr-fr-voice,he-il,he-il-sms,he-il-voice,it-it,it-it-sms,it-it-voice,ja-jp,ja-jp-sms,ja-jp-voice,pt-pt,pt-pt-sms,pt-pt-voice,sv-se,sv-se-sms,sv-se-voice,th-th,th-th-sms,th-th-voice
c19.test/special_chars,"✓•■≥’–",,,,,,,,,,,,,,,,,,,,,,,,,,,,,,,,,,,,,,,,,,,,
c19/how_did_we_do,"Let us know how we did at [$SUPPORT_EMAIL](mailto:$SUPPORT_EMAIL)",,,,,,,,,,,,"Háganos saber cómo lo hicimos en [$SUPPORT_EMAIL](mailto:$SUPPORT_EMAIL)",,,,,,,,,,,,,,,,,,,,,,,,,,,,,,,,
c19.entry/prompt,"How can I help you?",,,,,,,,,,,,"¿Cómo puedo ayudarle?",,,,,,,,,,,,,,,,,,,,,,,,,,,,,,,,
c19.entry/tos,"A coalition of world-leading medical and research institutions, blood centers, life science companies, technology companies, philanthropic organizations, and survivor groups has come together to support the rapid development of potential new therapies for COVID-19 prevention, including vaccines.

You are invited to voluntarily provide a ZIP code and answer the non-personally identifiable questions below ('Inquiry Form') to determine your current eligibility to receive a COVID-19 vaccine in your state or locality. For more information about how your privacy is protected, please see the [Privacy Policy]($PRIVACY_POLICY_URL).

This Inquiry Form is not designed or intended to be a substitute for, nor should it be used to replace professional medical advice, diagnosis, treatment, or judgment. It is recommended that you always seek the advice of your physician or other qualified health care provider with any questions you may have regarding a medical condition or treatment, and do not disregard professional medical advice or delay in seeking it because of something you have read on this website.

You can provide feedback by emailing [$SUPPORT_EMAIL](mailto:$SUPPORT_EMAIL)

Do you accept these terms?",,,,,,,,,,,,"Una coalición de instituciones médicas y de investigación líderes en el mundo, centros de sangre, empresas de ciencias de la vida, empresas tecnológicas, organizaciones filantrópicas y grupos de sobrevivientes se ha unido para apoyar el rápido desarrollo de nuevas terapias potenciales para la prevención covid-19, incluidas las vacunas.

Se le invita a proporcionar voluntariamente un código postal y responder a las preguntas no identificables personalmente a continuación ('Formulario de consulta') para determinar su elegibilidad actual para recibir una vacuna COVID-19 en su estado o localidad. Para obtener más información acerca de cómo se protege su privacidad, consulte la [Política de privacidad]($PRIVACY_POLICY_URL).

Este Formulario de Investigación no está diseñado o destinado a ser un sustituto, ni debe ser utilizado para reemplazar el asesoramiento médico profesional, diagnóstico, tratamiento o juicio. Se recomienda que siempre busque el consejo de su médico u otro proveedor de atención médica calificado con cualquier pregunta que pueda tener con respecto a una condición médica o tratamiento, y no ignore el consejo médico profesional o el retraso en buscarlo debido a algo que haya leído en este sitio web.

Puede proporcionar comentarios enviando un correo electrónico a [$SUPPORT_EMAIL](mailto:$SUPPORT_EMAIL)

¿Aceptas estos términos?",,,,,,,,,,,,,,,,,,,,,,,,,,,,,,,,
c19.entry/tos_rejected,"Unfortunately I cannot help you if you do not accept the terms. Goodbye.",,,,,,,,,,,,"Desafortunadamente no puedo ayudarte si no aceptas los términos. Adiós.",,,,,,,,,,,,,,,,,,,,,,,,,,,,,,,,
c19.entry/preamble_bing,"This project was made possible through a partnership with The MITRE Corporation and is enabled by Microsoft's Azure platform.",,,,,,,,,,,,"Este proyecto fue posible gracias a una asociación con MITRE Corporation y está habilitado por la plataforma Azure de Microsoft.",,,,,,,,,,,,,,,,,,,,,,,,,,,,,,,,
c19.question_series/answer_options_yesno,"[""Yes"", ""No""]",,,,,,,,,,,,"[""Sí"", ""No""]",,,,,,,,,,,,,,,,,,,,,,,,,,,,,,,,
c19.question_series/answer_options_yesnoinfo,"[""Yes"", ""No"", ""More Info""]",,,,,,,,,,,,"[""Sí"", ""No"", ""Más información""]",,,,,,,,,,,,,,,,,,,,,,,,,,,,,,,,
c19.entry/unknown_question,"I'm not sure how to help you with that. Please try one of the prepared questions.",,,,,,,,,,,,"No estoy seguro de cómo ayudarte con eso. Por favor, pruebe una de las preguntas preparadas.",,,,,,,,,,,,,,,,,,,,,,,,,,,,,,,,
c19.locate/what_is_your_location,"Vaccine eligibility is based on where you live. Please enter your zip code or city and state.",,,,,,,,,,,,"La elegibilidad para la vacuna se basa en el lugar donde vive. Introduzca su código postal o ciudad y estado.",,,,,,,,,,,,,,,,,,,,,,,,,,,,,,,,
c19.locate/select_location,"I found multiple matching locations. Please select the correct location or re-enter your location.",,,,,,,,,,,,"Encontré varias ubicaciones coincidentes. Seleccione la ubicación correcta o vuelva a introducir su ubicación.",,,,,,,,,,,,,,,,,,,,,,,,,,,,,,,,
c19.locate/reenter_location_option,"Re-enter location",,,,,,,,,,,,"Volver a entrar en la ubicación",,,,,,,,,,,,,,,,,,,,,,,,,,,,,,,,
c19.locate/location_outside_region_scope,"$LOCATION falls outside of $REGION.",,,,,,,,,,,,"$LOCATION cae fuera de $REGION.",,,,,,,,,,,,,,,,,,,,,,,,,,,,,,,,
c19.locate/api_error,"Oops. Something went wrong.",,,,,,,,,,,,"Oops. Algo salió mal.",,,,,,,,,,,,,,,,,,,,,,,,,,,,,,,,
c19.locate/empty_maps_results,"Unfortunately, I was unable to locate information for $LOCATION.",,,,,,,,,,,,"Desafortunadamente, no pude localizar información para $LOCATION.",,,,,,,,,,,,,,,,,,,,,,,,,,,,,,,,
c19.locate/location_entry_submit_button,"Enter",,,,,,,,,,,,"Entrar",,,,,,,,,,,,,,,,,,,,,,,,,,,,,,,,
c19.locate/input_placeholder,"ZIP Code or City/State",,,,,,,,,,,,"Código Postal o Ciudad/Estado",,,,,,,,,,,,,,,,,,,,,,,,,,,,,,,,
c19.moreinfo/lookup,"Let me see if I can find more details on the question: $QUESTION",,,,,,,,,,,,"Permítanme ver si puedo encontrar más detalles sobre la pregunta: $QUESTION",,,,,,,,,,,,,,,,,,,,,,,,,,,,,,,,
c19.moreinfo/no_info_available,"Unfortunately, I don't have any more details on that yet. Try checking your state's COVID-19 info site at $INFO_LINK",,,,,,,,,,,,"Desafortunadamente, aún no tengo más detalles al respecto. Intente revisar el sitio de información covid-19 de su estado en $INFO_LINK",,,,,,,,,,,,,,,,,,,,,,,,,,,,,,,,
c19.safety/cdc_link,"You can find more information about the safety of the COVID-19 vaccine at the [CDC's Website](https://www.cdc.gov/coronavirus/2019-ncov/vaccines/safety.html)",,,,,,,,,,,,"Puede encontrar más información sobre la seguridad de la vacuna COVID-19 en el [Sitio Web de los CDC] (https://www.cdc.gov/coronavirus/2019-ncov/vaccines/safety.html)",,,,,,,,,,,,,,,,,,,,,,,,,,,,,,,,
c19.links/schedule_vax,"Schedule a Vaccination",,,,,,,,,,,,"Programar una vacunación",,,,,,,,,,,,,,,,,,,,,,,,,,,,,,,,
c19.links/vax_providers,"View locations providing vaccines",,,,,,,,,,,,"Ver lugares que proporcionan vacunas",,,,,,,,,,,,,,,,,,,,,,,,,,,,,,,,
c19.links/vax_quiz,"Vaccine Eligibility Questionnaire",,,,,,,,,,,,"Cuestionario de elegibilidad para vacunas",,,,,,,,,,,,,,,,,,,,,,,,,,,,,,,,
c19.links/vax_info,"Vaccine Information Page",,,,,,,,,,,,,,,,,,,,,,,,,,,,,,,,,,,,,,,,,,,,
c19.eligibility/missing_policy_plan,"Unfortunately, I don't have details for $REGION.",,,,,,,,,,,,"Desafortunadamente, no tengo detalles para $REGION.",,,,,,,,,,,,,,,,,,,,,,,,,,,,,,,,
c19.eligibility/scheduling_link_text,"You can schedule a vaccination at $LINK",,,,,,,,,,,,"Puede programar una vacunación en $LINK",,,,,,,,,,,,,,,,,,,,,,,,,,,,,,,,
c19.eligibility/scheduling_phone_link_text,"You can call the scheduling hotline at $LINK",,,,,,,,,,,,"Puede llamar a la línea directa de programación en $LINK",,,,,,,,,,,,,,,,,,,,,,,,,,,,,,,,
c19.eligibility/registration_link_text,"You can register for updates at $LINK",,,,,,,,,,,,"Puede registrarse para recibir actualizaciones en $LINK",,,,,,,,,,,,,,,,,,,,,,,,,,,,,,,,
c19.eligibility/providers_link_text,"You can view a list of vaccination providers at $LINK",,,,,,,,,,,,"Puede ver una lista de proveedores de vacunación en $LINK",,,,,,,,,,,,,,,,,,,,,,,,,,,,,,,,
c19.eligibility.moreinfo/more_details_here,"You can find more details [here]($LINK).",,,,,,,,,,,,"Puede encontrar más detalles [aquí] ($LINK).",,,,,,,,,,,,,,,,,,,,,,,,,,,,,,,,
c19.eligibility/state_status,"$REGION is in phase $PHASE, which has $NUM_QUESTIONS eligibility questions.",,,,,,,,,,,,"$REGION está en fase $PHASE, que tiene preguntas de elegibilidad $NUM_QUESTIONS.",,,,,,,,,,,,,,,,,,,,,,,,,,,,,,,,
c19.eligibility/state_status_nophase,"$REGION has $NUM_QUESTIONS eligibility questions.",,,,,,,,,,,,"$REGION tiene preguntas de elegibilidad $NUM_QUESTIONS.",,,,,,,,,,,,,,,,,,,,,,,,,,,,,,,,
c19.eligibility/lets_check,"Let's check your eligibility.",,,,,,,,,,,,"Vamos a verificar su elegibilidad.",,,,,,,,,,,,,,,,,,,,,,,,,,,,,,,,
c19.eligibility/tribal_healthcare_question,"Are you a member of an American Indian tribe and receive healthcare through tribal healthcare services?",,,,,,,,,,,,"¿Es usted miembro de una tribu india americana y recibe atención médica a través de servicios de salud tribales?",,,,,,,,,,,,,,,,,,,,,,,,,,,,,,,,
c19.eligibility/tribal_healthcare_fallback,"You may already have access to the COVID-19 vaccine. You should check with your tribe's website or administrative office for eligibility details.",,,,,,,,,,,,"Es posible que ya tenga acceso a la vacuna COVID-19. Debe consultar con el sitio web o la oficina administrativa de su tribu para obtener detalles de elegibilidad.",,,,,,,,,,,,,,,,,,,,,,,,,,,,,,,,
c19.eligibility/workflow_available,"It looks like your state has set up a vaccination eligibility workflow site: $SITE.",,,,,,,,,,,,"Parece que su estado ha configurado un sitio de flujo de trabajo de elegibilidad de vacunación: $SITE.",,,,,,,,,,,,,,,,,,,,,,,,,,,,,,,,
c19.eligibility/workflow_probably_best,"This site will have the most up-to-date information, but we'll continue here for your convenience.",,,,,,,,,,,,"Este sitio tendrá la información más actualizada, pero continuaremos aquí para su comodidad.",,,,,,,,,,,,,,,,,,,,,,,,,,,,,,,,
c19.eligibility/state_prompt,"What state do you reside in?",,,,,,,,,,,,"¿En qué estado resides?",,,,,,,,,,,,,,,,,,,,,,,,,,,,,,,,
c19.eligibility/eligible_message,"It looks like you are eligible for the COVID-19 vaccine according to your state's guidelines.",,,,,,,,,,,,"Parece que usted es elegible para la vacuna COVID-19 de acuerdo con las directrices de su estado.",,,,,,,,,,,,,,,,,,,,,,,,,,,,,,,,
c19.eligibility/ineligible_message,"Unfortunately, according to your state's guidelines you are not yet eligible for the COVID-19 vaccine.",,,,,,,,,,,,"Desafortunadamente, de acuerdo con las directrices de su estado, aún no es elegible para la vacuna COVID-19.",,,,,,,,,,,,,,,,,,,,,,,,,,,,,,,,
c19.eligibility/for_more_info,"For more information, consult your state's website at $INFO_LINK",,,,,,,,,,,,"Para obtener más información, consulte el sitio web de su estado en $INFO_LINK",,,,,,,,,,,,,,,,,,,,,,,,,,,,,,,,
c19.eligibility.question/age.16_up,"Are you age 16+?",,,,,,,,,,,,"¿Tienes más de 16 años?",,,,,,,,,,,,,,,,,,,,,,,,,,,,,,,,
c19.eligibility.question/age.55_up,"Are you age 55+?",,,,,,,,,,,,"¿Tienes más de 55 años?",,,,,,,,,,,,,,,,,,,,,,,,,,,,,,,,
c19.eligibility.question/age.60_up,"Are you age 60+?",,,,,,,,,,,,"¿Tienes más de 60 años?",,,,,,,,,,,,,,,,,,,,,,,,,,,,,,,,
c19.eligibility.question/age.65_up,"Are you age 65+?",,,,,,,,,,,,"¿Tienes más de 65 años?",,,,,,,,,,,,,,,,,,,,,,,,,,,,,,,,
c19.eligibility.question/age.70_up,"Are you age 70+?",,,,,,,,,,,,"¿Tienes más de 70 años?",,,,,,,,,,,,,,,,,,,,,,,,,,,,,,,,
c19.eligibility.question/age.75_up,"Are you age 75+?",,,,,,,,,,,,"¿Tienes más de 75 años?",,,,,,,,,,,,,,,,,,,,,,,,,,,,,,,,
c19.eligibility.question/age.80_up,"Are you age 80+?",,,,,,,,,,,,"¿Tienes más de 80 años?",,,,,,,,,,,,,,,,,,,,,,,,,,,,,,,,
c19.eligibility.question/health,"Are you age 16+, and have a high-risk medical condition?",,,,,,,,,,,,"¿Tiene más de 16 años y tiene una afección médica de alto riesgo?",,,,,,,,,,,,,,,,,,,,,,,,,,,,,,,,
c19.eligibility.question/healthcare_worker,"Are you a healthcare worker?",,,,,,,,,,,,"¿Es usted un trabajador sanitario?",,,,,,,,,,,,,,,,,,,,,,,,,,,,,,,,
c19.eligibility.question/healthcare_worker.in_hospital,"Are you a healthcare worker within a hospital?",,,,,,,,,,,,"¿Es usted un trabajador sanitario dentro de un hospital?",,,,,,,,,,,,,,,,,,,,,,,,,,,,,,,,
c19.eligibility.question/long_term_care_resident,"Are you a long-term care resident?",,,,,,,,,,,,"¿Es usted un residente de cuidado a largo plazo?",,,,,,,,,,,,,,,,,,,,,,,,,,,,,,,,
c19.eligibility.question/essential_worker,"Are you classified as an essential worker?",,,,,,,,,,,,"¿Está clasificado como un trabajador esencial?",,,,,,,,,,,,,,,,,,,,,,,,,,,,,,,,
c19.eligibility.question/essential_worker.1b,"Are you as an essential frontline worker? This includes first responders; corrections officers; and workers in the food and agricultural sector, USPS, manufacturing, grocery stores, public transit, education, or child care.",,,,,,,,,,,,"¿Eres un trabajador esencial de primera línea? Esto incluye socorristas; oficiales de correccionales; y trabajadores del sector alimentario y agrícola, USPS, manufactura, supermercados, transporte público, educación o cuidado de niños.",,,,,,,,,,,,,,,,,,,,,,,,,,,,,,,,
c19.eligibility.question/essential_worker.k12,"Are you K-12 personnel?",,,,,,,,,,,,"¿Eres personal de K-12?",,,,,,,,,,,,,,,,,,,,,,,,,,,,,,,,
c19.eligibility.question/essential_worker.leo,"Are you a law enforcement officer?",,,,,,,,,,,,"¿Eres un oficial de la ley?",,,,,,,,,,,,,,,,,,,,,,,,,,,,,,,,
c19.eligibility.question/essential_worker.firefighter_leo,"Are you a firefighter or law enforcement officer?",,,,,,,,,,,,"¿Es usted bombero o oficial de la ley?",,,,,,,,,,,,,,,,,,,,,,,,,,,,,,,,
c19.eligibility.question/essential_worker.leo_corrections,"Are you a law enforcement office or corrections staff?",,,,,,,,,,,,"¿Es usted un agente de la ley o personal correccional?",,,,,,,,,,,,,,,,,,,,,,,,,,,,,,,,
c19.eligibility.question/essential_worker.ff_leo_corrections,"Are you a firefighter, law enforcement officer, or corrections staff?",,,,,,,,,,,,"¿Es usted bombero, oficial de policía o personal correccional?",,,,,,,,,,,,,,,,,,,,,,,,,,,,,,,,
c19.eligibility.question/congregate,"Do you live in a congregate setting (e.g. homeless shelter, group home, correctional facility, behavioral health institution, etc...)?",,,,,,,,,,,,"¿Vives en un entorno congregado (por ejemplo, refugio para personas sin hogar, hogar en grupo, centro correccional, institución de salud conductual, etc...)?",,,,,,,,,,,,,,,,,,,,,,,,,,,,,,,,
c19.eligibility.question/multigenerational.do,"Do you live in a multigenerational household?",,,,,,,,,,,,"¿Vives en un hogar multigeneracional?",,,,,,,,,,,,,,,,,,,,,,,,,,,,,,,,
c19.eligibility.question/congregate.do,"Do you work or live in a congregate setting? ",,,,,,,,,,,,"¿Trabaja o vive en un entorno congregado? ",,,,,,,,,,,,,,,,,,,,,,,,,,,,,,,,
c19.eligibility.question/long_term_care_resident.are,"Are you a long term care resident or work in a long term care facility?",,,,,,,,,,,,"¿Es usted un residente de cuidado a largo plazo o trabaja en un centro de atención a largo plazo?",,,,,,,,,,,,,,,,,,,,,,,,,,,,,,,,
c19.eligibility.question/essential_worker.are,"Are you a first responder?",,,,,,,,,,,,"¿Eres socorrista?",,,,,,,,,,,,,,,,,,,,,,,,,,,,,,,,
c19.eligibility.question/essential_worker.are_you,"Are you a K-12 educator or work in a licensed child care facility? ",,,,,,,,,,,,"¿Es usted educador k-12 o trabaja en un centro de cuidado infantil con licencia? ",,,,,,,,,,,,,,,,,,,,,,,,,,,,,,,,
c19.eligibility.question/government.are,"Are you a member of the state executive or judiciary branch?",,,,,,,,,,,,"¿Es usted miembro del poder ejecutivo o judicial estatal?",,,,,,,,,,,,,,,,,,,,,,,,,,,,,,,,
c19.eligibility.question/health.are,"Are you age 16+, and have two or more high-risk medical conditions?",,,,,,,,,,,,"¿Tiene más de 16 años y tiene dos o más condiciones médicas de alto riesgo?",,,,,,,,,,,,,,,,,,,,,,,,,,,,,,,,
c19.eligibility.question/age.are,"Are you age 50+?",,,,,,,,,,,,"¿Tienes más de 50 años?",,,,,,,,,,,,,,,,,,,,,,,,,,,,,,,,
c19.eligibility.question/clinical_trial.are,"Are you age 18+ and are someone who received a placebo during a COVID-19 clinical trial?",,,,,,,,,,,,"¿Tienes más de 18 años y eres alguien que recibió un placebo durante un ensayo clínico con COVID-19?",,,,,,,,,,,,,,,,,,,,,,,,,,,,,,,,
c19.eligibility.question/healthcare_worker.are,"Are you a healthcare worker with direct patient contact?",,,,,,,,,,,,"¿Es usted un trabajador sanitario con contacto directo con el paciente?",,,,,,,,,,,,,,,,,,,,,,,,,,,,,,,,
c19.eligibility.question/essential_worker.are_you_a,"Are you a sworn law enforcement officer or firefighter, 50 years of age or older?",,,,,,,,,,,,"¿Es usted un oficial o bombero jurado, de 50 años de edad o más?",,,,,,,,,,,,,,,,,,,,,,,,,,,,,,,,
c19.eligibility.question/essential_worker.are_you_a_k,"Are you a K-12 school employee, 50 years of age or older?",,,,,,,,,,,,"¿Es usted un empleado de la escuela K-12, de 50 años de edad o más?",,,,,,,,,,,,,,,,,,,,,,,,,,,,,,,,
c19.eligibility.question/health.are_you,"Are you a parent of a child with a complex medical condition?",,,,,,,,,,,,"¿Es usted padre de un niño con una condición médica compleja?",,,,,,,,,,,,,,,,,,,,,,,,,,,,,,,,
c19.eligibility.question/health.are_you_an,"Are you an adult with intellectual or developmental disabilities or are you a caregiver to an adult with intellectual or developmental disabilities?",,,,,,,,,,,,"¿Es usted un adulto con discapacidades intelectuales o del desarrollo o es un cuidador de un adulto con discapacidades intelectuales o del desarrollo?",,,,,,,,,,,,,,,,,,,,,,,,,,,,,,,,
c19.eligibility.question/healthcare_worker.are_you,"Are you a caregiver to an adult aged 65 or older?",,,,,,,,,,,,"¿Es usted cuidador de un adulto de 65 años o más?",,,,,,,,,,,,,,,,,,,,,,,,,,,,,,,,
c19.eligibility.question/essential_worker.are_you_an,"Are you an educator or child care provider?",,,,,,,,,,,,"¿Es usted educador o proveedor de cuidado infantil?",,,,,,,,,,,,,,,,,,,,,,,,,,,,,,,,
c19.eligibility.question/health.are_you_a,"Are you a person age 26+ with a high-risk medical condition?",,,,,,,,,,,,"¿Es usted una persona de más de 26 años con una condición médica de alto riesgo?",,,,,,,,,,,,,,,,,,,,,,,,,,,,,,,,
c19.eligibility.question/exposure_to_infectious_material.do,"Do you have exposure to COVID-19 infectious material?",,,,,,,,,,,,"¿Tiene exposición al material infeccioso COVID-19?",,,,,,,,,,,,,,,,,,,,,,,,,,,,,,,,
c19.eligibility.question/health.are_you_currently,"Are you currently pregnant?",,,,,,,,,,,,"¿Estás embarazada actualmente?",,,,,,,,,,,,,,,,,,,,,,,,,,,,,,,,
c19.eligibility.question/age.are_you,"Are you age 40+?",,,,,,,,,,,,"¿Tienes más de 40 años?",,,,,,,,,,,,,,,,,,,,,,,,,,,,,,,,
c19.eligibility.question/health.are_you_age,"Are you age 55+ and have a high-risk medical condition?",,,,,,,,,,,,"¿Tiene más de 55 años y tiene una condición médica de alto riesgo?",,,,,,,,,,,,,,,,,,,,,,,,,,,,,,,,
c19.eligibility.question/congregate.are,"Are you a resident or staff of public or private low income and affordable senior housing?",,,,,,,,,,,,"¿Es usted residente o personal de bajos ingresos públicos o privados y viviendas para personas de la tercera edad asequibles?",,,,,,,,,,,,,,,,,,,,,,,,,,,,,,,,
c19.eligibility.question/people_of_color.are,"Are you Native American or a person of color who may be at elevated risk for COVID-19 related complications?",,,,,,,,,,,,"¿Es usted nativo americano o una persona de color que puede estar en alto riesgo de complicaciones relacionadas con COVID-19?",,,,,,,,,,,,,,,,,,,,,,,,,,,,,,,,
c19.eligibility.question/health.are_you_an_adult,"Are you an adult with a high-risk medical condition?",,,,,,,,,,,,"¿Es usted un adulto con una condición médica de alto riesgo?",,,,,,,,,,,,,,,,,,,,,,,,,,,,,,,,
c19.eligibility.question/health.are_you_age_45,"Are you age 45+, and have a high-risk medical condition?",,,,,,,,,,,,"¿Tiene más de 45 años y tiene una afección médica de alto riesgo?",,,,,,,,,,,,,,,,,,,,,,,,,,,,,,,,
c19.eligibility.question/multigenerational.are,"Are you age 50+ and live in a multigenerational household?",,,,,,,,,,,,"¿Tienes más de 50 años y vives en un hogar multigeneracional?",,,,,,,,,,,,,,,,,,,,,,,,,,,,,,,,
c19.eligibility.question/health.are_you_a_person,"Are you a person with a rare condition or disability that put you at higher risk?",,,,,,,,,,,,"¿Es usted una persona con una condición rara o discapacidad que lo pone en mayor riesgo?",,,,,,,,,,,,,,,,,,,,,,,,,,,,,,,,
c19.eligibility.question/age.are_you_age,"Are you age 16+ and have a high-risk medical conditions?",,,,,,,,,,,,"¿Tienes más de 16 años y tienes unas condiciones médicas de alto riesgo?",,,,,,,,,,,,,,,,,,,,,,,,,,,,,,,,
c19.eligibility.question/essential_worker.are_you_a_transportation,"Are you a transportation worker?",,,,,,,,,,,,"¿Eres un trabajador del transporte?",,,,,,,,,,,,,,,,,,,,,,,,,,,,,,,,
c19.eligibility.question/housing.are,"Are you experiencing homelessness or living in a shelter?",,,,,,,,,,,,"¿Estás experimentando la falta de vivienda o viviendo en un refugio?",,,,,,,,,,,,,,,,,,,,,,,,,,,,,,,,
c19.eligibility.question/tribal.are,"Are you a member of a tribal community?",,,,,,,,,,,,"¿Eres miembro de una comunidad tribal?",,,,,,,,,,,,,,,,,,,,,,,,,,,,,,,,
c19.eligibility.question/worker.are,"Are you a migrant farm worker?",,,,,,,,,,,,"¿Eres un trabajador agrícola migrante?",,,,,,,,,,,,,,,,,,,,,,,,,,,,,,,,
c19.eligibility.question/housing.are_you,"Are you experiencing homelessness?",,,,,,,,,,,,"¿Estás experimentando la falta de vivienda?",,,,,,,,,,,,,,,,,,,,,,,,,,,,,,,,
c19.eligibility.question/government.are_you,"Are you a Continuity of Government personnel?",,,,,,,,,,,,"¿Es usted una continuidad del personal del Gobierno?",,,,,,,,,,,,,,,,,,,,,,,,,,,,,,,,
c19.eligibility.question/essential_worker.are_you_a_medical,"Are you a medical first responder?",,,,,,,,,,,,"¿Eres socorrista médico?",,,,,,,,,,,,,,,,,,,,,,,,,,,,,,,,
c19.eligibility.question/congregate.do_you,"Do you work in a congregate setting?",,,,,,,,,,,,"¿Trabaja en una configuración congregada?",,,,,,,,,,,,,,,,,,,,,,,,,,,,,,,,
c19.eligibility.question/worker.are_you,"Are you a grocery store worker?",,,,,,,,,,,,"¿Eres trabajador de una tienda de comestibles?",,,,,,,,,,,,,,,,,,,,,,,,,,,,,,,,
c19.eligibility.question/worker.are_you_a,"Are you a restaurant or delivery worker?",,,,,,,,,,,,"¿Eres un restaurante o repartidor?",,,,,,,,,,,,,,,,,,,,,,,,,,,,,,,,
c19.eligibility.question/worker.are_you_a_hotel,"Are you a hotel worker?",,,,,,,,,,,,"¿Eres un trabajador del hotel?",,,,,,,,,,,,,,,,,,,,,,,,,,,,,,,,
c19.eligibility.question/essential_worker.are_you_a_frontline,"Are you a frontline healthcare worker?",,,,,,,,,,,,"¿Es usted un trabajador sanitario de primera línea?",,,,,,,,,,,,,,,,,,,,,,,,,,,,,,,,
c19.eligibility.question/essential_worker.are_you_an_essential,"Are you an essential worker outside of healthcare?",,,,,,,,,,,,"¿Es usted un trabajador esencial fuera de la atención médica?",,,,,,,,,,,,,,,,,,,,,,,,,,,,,,,,
c19.eligibility.question/essential_worker.are_you_an_educator,"Are you an educator with age of 40+?",,,,,,,,,,,,"¿Eres educador con más de 40 años?",,,,,,,,,,,,,,,,,,,,,,,,,,,,,,,,
c19.eligibility.question/worker.do,"Do you work in the funeral services industry?",,,,,,,,,,,,"¿Trabajas en la industria de servicios funerarios?",,,,,,,,,,,,,,,,,,,,,,,,,,,,,,,,
c19.eligibility.question/health.are_you_on,"Are you on the Wyoming Medicaid Community Choices Waiver and Developmental waivers?",,,,,,,,,,,,"¿Está en la Exención de Opciones comunitarias de Wyoming Medicaid y exenciones de desarrollo?",,,,,,,,,,,,,,,,,,,,,,,,,,,,,,,,
c19.eligibility.question/housing.do,"Do you live in a college dormitory?",,,,,,,,,,,,"¿Vives en un dormitorio universitario?",,,,,,,,,,,,,,,,,,,,,,,,,,,,,,,,
c19.eligibility.question/healthcare_worker.are_you_a,"Are you a non-frontline essential health care worker?",,,,,,,,,,,,"¿Es usted un trabajador de atención médica esencial que no es de primera línea?",,,,,,,,,,,,,,,,,,,,,,,,,,,,,,,,
c19.eligibility.question/congregate.are_you,"Are you a high-risk resident in a congregate setting?",,,,,,,,,,,,"¿Es usted un residente de alto riesgo en un entorno congregado?",,,,,,,,,,,,,,,,,,,,,,,,,,,,,,,,
c19.eligibility.question/age.are_you_aged,"Are you aged 55+ with underlying health conditions?",,,,,,,,,,,,"¿Tiene más de 55 años con condiciones de salud subyacentes?",,,,,,,,,,,,,,,,,,,,,,,,,,,,,,,,
c19.eligibility.question/age.are_you_a,"Are you a school age child or in daycare?",,,,,,,,,,,,"¿Es usted un niño en edad escolar o en la guardería?",,,,,,,,,,,,,,,,,,,,,,,,,,,,,,,,
c19.eligibility.question/age.are_you_age_18,"Are you age 18+?",,,,,,,,,,,,"¿Tienes más de 18 años?",,,,,,,,,,,,,,,,,,,,,,,,,,,,,,,,
c19.eligibility.question/essential_worker.are_you_a_caregiver,"Are you a caregiver to an individual 16 or older with disabilities?",,,,,,,,,,,,"¿Es usted un cuidador de una persona de 16 años o más con discapacidades?",,,,,,,,,,,,,,,,,,,,,,,,,,,,,,,,
c19.eligibility.question/age.are_you_age_45,"Are you age 45+?",,,,,,,,,,,,"¿Tienes más de 45 años?",,,,,,,,,,,,,,,,,,,,,,,,,,,,,,,,
c19.eligibility.question/veteran.are,"Are you a veteran?",,,,,,,,,,,,"¿Eres un veterano?",,,,,,,,,,,,,,,,,,,,,,,,,,,,,,,,
c19.eligibility.question/congregate.are_you_currently,"Are you currently incarcerated?",,,,,,,,,,,,"¿Está actualmente encarcelado?",,,,,,,,,,,,,,,,,,,,,,,,,,,,,,,,
c19.eligibility.question/health.are_you_an_adult_with,"Are you an adult with an intellectual or developmental disability?",,,,,,,,,,,,"¿Es usted un adulto con una discapacidad intelectual o del desarrollo?",,,,,,,,,,,,,,,,,,,,,,,,,,,,,,,,
c19.eligibility.question/age.are_you_age_35,"Are you age 35+?",,,,,,,,,,,,"¿Tienes más de 35 años?",,,,,,,,,,,,,,,,,,,,,,,,,,,,,,,,
c19.eligibility.question/long_term_care_resident.are_you,"Are you enrolled in a Medicaid long-term care program?",,,,,,,,,,,,,,,,,,,,,,,,,,,,,,,,,,,,,,,,,,,,
c19.eligibility.question/people_of_color.is,"Are you 16+ and is your zip code covered by the Hard-Hit Community Vaccination Strategy?",,,,,,,,,,,,,,,,,,,,,,,,,,,,,,,,,,,,,,,,,,,,
c19.eligibility.question/people_of_color.are_you,"Are you an English language learner or a member of an immigrant/refugee community?",,,,,,,,,,,,,,,,,,,,,,,,,,,,,,,,,,,,,,,,,,,,
c19.eligibility.question/people_of_color.do,"Do you live in a Black, Indigenous and people of color (BIPOC) household?",,,,,,,,,,,,,,,,,,,,,,,,,,,,,,,,,,,,,,,,,,,,
c19.eligibility.question/health.are_you_currently_hospitalized,"Are you currently hospitalized and diagnosed with a high-risk medical condition?",,,,,,,,,,,,,,,,,,,,,,,,,,,,,,,,,,,,,,,,,,,,
c19.eligibility.question/housing.are_you_currently,"Are you currently living in a transient housing facility?",,,,,,,,,,,,,,,,,,,,,,,,,,,,,,,,,,,,,,,,,,,,
c19.eligibility.question/age.are_you_age_30,"Are you age 30+?",,,,,,,,,,,,,,,,,,,,,,,,,,,,,,,,,,,,,,,,,,,,
c19.eligibility.question/essential_worker.are_you_a_nevada,"Are you a Nevada System of Higher Education (NSHE) frontline educator or staff?",,,,,,,,,,,,,,,,,,,,,,,,,,,,,,,,,,,,,,,,,,,,
c19.eligibility.question/health.are_you_currently_receiving,"Are you currently receiving hospital-based treatment and diagnosed with a high-risk medical condition?",,,,,,,,,,,,,,,,,,,,,,,,,,,,,,,,,,,,,,,,,,,,
c19.eligibility.question/people_of_color.are_you_a,"Are you a member of a disproportionately impacted population (especially a racial/ethnic minority group) at increased risk of acquiring or transmitting COVID-19?",,,,,,,,,,,,,,,,,,,,,,,,,,,,,,,,,,,,,,,,,,,,
c19.eligibility.question/health.are_you_aged,"Are you aged 16+ with disabilities and receiving SSI or SSDI benefits?",,,,,,,,,,,,,,,,,,,,,,,,,,,,,,,,,,,,,,,,,,,,
c19.eligibility.question/health.are_you_receiving,"Are you receiving long term services and supports through the state's Medicaid waiver or state plan services?",,,,,,,,,,,,,,,,,,,,,,,,,,,,,,,,,,,,,,,,,,,,
c19.eligibility.question/health.are_you_homebound,"Are you homebound or otherwise unable to leave your home to get to a vaccination site, even with assistance?",,,,,,,,,,,,,,,,,,,,,,,,,,,,,,,,,,,,,,,,,,,,
c19.eligibility.question/essential_worker.are_you_classified,"Are you classified as a frontline worker or are you age 16+ and live in the same household as someone classified as a frontline worker?",,,,,,,,,,,,,,,,,,,,,,,,,,,,,,,,,,,,,,,,,,,,
c19.eligibility.question/health.are_you_a_person_aged,"Are you a person aged 16+ with intellectual and developmental disabilities?",,,,,,,,,,,,,,,,,,,,,,,,,,,,,,,,,,,,,,,,,,,,
c19.eligibility.question/health.are_you_age_35,"Are you age 35+, and have a high-risk medical condition?",,,,,,,,,,,,,,,,,,,,,,,,,,,,,,,,,,,,,,,,,,,,
c19.eligibility.question/age.are_you_20,"Are you 20+?",,,,,,,,,,,,,,,,,,,,,,,,,,,,,,,,,,,,,,,,,,,,
